id,reg,dis,con,ward
1,ARUSHA,ARUMERU,ARUMERU MASHARIKI,MAJIYA CHAI
2,ARUSHA,ARUMERU,ARUMERU MASHARIKI,KIKWE
3,ARUSHA,ARUMERU,ARUMERU MAGHARIBI,KIRANYI
4,ARUSHA,ARUMERU,ARUMERU MAGHARIBI,BANGATA
5,ARUSHA,ARUMERU,ARUMERU MAGHARIBI,BWAWANI
6,ARUSHA,ARUMERU,ARUMERU MASHARIKI,USA RIVER
7,ARUSHA,ARUMERU,ARUMERU MAGHARIBI,SOKONIII
8,ARUSHA,ARUMERU,ARUMERU MASHARIKI,MAKIBA
9,ARUSHA,ARUMERU,ARUMERU MAGHARIBI,LANGARINI
10,ARUSHA,ARUMERU,ARUMERU MAGHARIBI,OLDONYO SAMBU
11,ARUSHA,ARUMERU,ARUMERU MAGHARIBI,MATEVES
12,ARUSHA,ARUSHA,ARUSHA  MJINI,TERRAT
13,ARUSHA,ARUSHA,ARUSHA  MJINI,DARAJA MBILI
14,ARUSHA,ARUSHA,ARUSHA  MJINI,SOMBETINI
15,ARUSHA,ARUSHA,ARUSHA  MJINI,LEVOLOSI
16,ARUSHA,ARUSHA,ARUSHA  MJINI,SOKONI
17,ARUSHA,ARUSHA,ARUSHA  MJINI,LEMARA
18,ARUSHA,ARUSHA,ARUSHA  MJINI,THEMI
19,ARUSHA,ARUSHA,ARUSHA  MJINI,NGARENARO
20,ARUSHA,ARUSHA,ARUSHA  MJINI,ENGUTOTO
21,ARUSHA,ARUSHA,ARUSHA  MJINI,KALOLENI
22,ARUSHA,ARUSHA,ARUSHA  MJINI,ELERAI
23,ARUSHA,KARATU,KARATU,RHOTIA
24,ARUSHA,KARATU,KARATU,GANAKO
25,ARUSHA,KARATU,KARATU,QURUS
26,ARUSHA,MONDULI,MONDULI,SELELA
27,ARUSHA,MONDULI,MONDULI,ENGARUKA
28,ARUSHA,MONDULI,MONDULI,ESILALEI
29,ARUSHA,MONDULI,MONDULI,MAKUYUNI
30,ARUSHA,NGORONGORO,NGORONGORO,DIGODIGO
31,ARUSHA,NGORONGORO,NGORONGORO,NGORONGORO
32,ARUSHA,NGORONGORO,NGORONGORO,ORGOSOROK
33,DAR-ES-SALAAM,ILALA,ILALA,LLALA
34,DAR-ES-SALAAM,ILALA,ILALA,UPANGA MAGHARIBI
35,DAR-ES-SALAAM,ILALA,ILALA,JANGWANI
36,DAR-ES-SALAAM,ILALA,UKONGA,UKONGA
37,DAR-ES-SALAAM,ILALA,UKONGA,PUGU
38,DAR-ES-SALAAM,ILALA,UKONGA,KITUNDA
39,DAR-ES-SALAAM,ILALA,UKONGA,KIPAWA
40,DAR-ES-SALAAM,ILALA,UKONGA,VINGUNGUTI
41,DAR-ES-SALAAM,ILALA,UKONGA,TABATA
42,DAR-ES-SALAAM,ILALA,UKONGA,SEGEREA
43,DAR-ES-SALAAM,ILALA,UKONGA,CHANIKA
44,DAR-ES-SALAAM,ILALA,UKONGA,KINYEREZI
45,DAR-ES-SALAAM,ILALA,UKONGA,MSONGOLA
46,DAR-ES-SALAAM,ILALA,UKONGA,BUGURUNI
47,DAR-ES-SALAAM,ILALA,ILALA,UPANGA MASHARIKI
48,DAR-ES-SALAAM,KINONDONI,KINONDONI,HANANASIF
49,DAR-ES-SALAAM,KINONDONI,KINONDONI,NDUGUMBI
50,DAR-ES-SALAAM,KINONDONI,KINONDONI,MAKUMBUSHO
51,DAR-ES-SALAAM,KINONDONI,KINONDONI,TANDALE
52,DAR-ES-SALAAM,KINONDONI,KINONDONI,MWANANYAMALA
53,DAR-ES-SALAAM,KINONDONI,KINONDONI,MAGOMENI
54,DAR-ES-SALAAM,KINONDONI,KINONDONI,KINONDONI
55,DAR-ES-SALAAM,KINONDONI,KINONDONI,MZIMUNI
56,DAR-ES-SALAAM,KINONDONI,KINONDONI,KIGOGO
57,DAR-ES-SALAAM,KINONDONI,UBUNGO,MBURAHATI
58,DAR-ES-SALAAM,KINONDONI,UBUNGO,MAKURUMLA
59,DAR-ES-SALAAM,KINONDONI,UBUNGO,UBUNGO
60,DAR-ES-SALAAM,KINONDONI,UBUNGO,MANZESE
61,DAR-ES-SALAAM,KINONDONI,KINONDONI,KIJITONYAMA
62,DAR-ES-SALAAM,KINONDONI,UBUNGO,MBEZI
63,DAR-ES-SALAAM,KINONDONI,KAWE,KAWE
64,DAR-ES-SALAAM,KINONDONI,KAWE,KUNDUCHI
65,DAR-ES-SALAAM,KINONDONI,KAWE,BUNJU
66,DAR-ES-SALAAM,KINONDONI,UBUNGO,MAKUBURI
67,DAR-ES-SALAAM,KINONDONI,UBUNGO,SINZA
68,DAR-ES-SALAAM,KINONDONI,KAWE,MIKOCHENI
69,DAR-ES-SALAAM,KINONDONI,UBUNGO,KIMARA
70,DAR-ES-SALAAM,KINONDONI,KAWE,MBWENI
71,DAR-ES-SALAAM,KINONDONI,UBUNGO,GOBA
72,DAR-ES-SALAAM,KINONDONI,UBUNGO,KIBAMBA
73,DAR-ES-SALAAM,KINONDONI,UBUNGO,MABIBO
74,DAR-ES-SALAAM,KINONDONI,KAWE,MSASANI
75,DAR-ES-SALAAM,TEMEKE,KIGAMBONI,KIGAMBONI
76,DAR-ES-SALAAM,TEMEKE,KIGAMBONI,TOANGOMA
77,DAR-ES-SALAAM,TEMEKE,KIGAMBONI,MJI MWEMA
78,DAR-ES-SALAAM,TEMEKE,KIGAMBONI,CHARAMBE
79,DAR-ES-SALAAM,TEMEKE,TEMEKE,KURASINI
80,DAR-ES-SALAAM,TEMEKE,TEMEKE,TANDIKA
81,DAR-ES-SALAAM,TEMEKE,TEMEKE,MTONI
82,DAR-ES-SALAAM,TEMEKE,TEMEKE,SANDALI
83,DAR-ES-SALAAM,TEMEKE,TEMEKE,MIBURANI
84,DAR-ES-SALAAM,TEMEKE,TEMEKE,TEMEKE
85,DAR-ES-SALAAM,TEMEKE,KIGAMBONI,MBAGALA KUU
86,DAR-ES-SALAAM,TEMEKE,TEMEKE,AZIMIO
87,DAR-ES-SALAAM,TEMEKE,TEMEKE,MAKANGARAWE
88,DAR-ES-SALAAM,TEMEKE,KIGAMBONI,PEMBA MNAZI
89,DAR-ES-SALAAM,TEMEKE,TEMEKE,CHANG'OMBE
90,DAR-ES-SALAAM,TEMEKE,KIGAMBONI,CHAMAZI
91,DAR-ES-SALAAM,TEMEKE,KIGAMBONI,KISARAWE II
92,DAR-ES-SALAAM,TEMEKE,TEMEKE,KEKO
93,DAR-ES-SALAAM,TEMEKE,TEMEKE,YOMBO VITUKA
94,DAR-ES-SALAAM,TEMEKE,KIGAMBONI,MBAGALA
95,DAR-ES-SALAAM,TEMEKE,KIGAMBONI,VIJIBWENI
96,DAR-ES-SALAAM,TEMEKE,KIGAMBONI,KIBADA
97,DAR-ES-SALAAM,TEMEKE,KIGAMBONI,KIMBIJI
98,DODOMA,DODOMA RURAL,MTERA,MVUMI MISSION
99,DODOMA,DODOMA RURAL,BAHI,CHIBELELA
100,DODOMA,DODOMA RURAL,BAHI,BAHI
101,DODOMA,DODOMA URBAN,DODOMA MJINI,CHILANGA
102,DODOMA,DODOMA URBAN,DODOMA MJINI,HOMBOLO
103,DODOMA,DODOMA URBAN,DODOMA MJINI,NALA
104,DODOMA,DODOMA URBAN,DODOMA MJINI,MIYUJI
105,DODOMA,DODOMA URBAN,DODOMA MJINI,NZUGUNI
106,DODOMA,DODOMA URBAN,DODOMA MJINI,KIZOTA
107,DODOMA,DODOMA URBAN,DODOMA MJINI,KIWANJACHANDEGO
108,DODOMA,DODOMA URBAN,DODOMA MJINI,UHURU
109,DODOMA,DODOMA URBAN,DODOMA MJINI,MTUMBA
110,DODOMA,DODOMA URBAN,DODOMA MJINI,MAJENGO
111,DODOMA,DODOMA URBAN,DODOMA MJINI,MAKOLE
112,DODOMA,KONDOA,KONDOA KUSINI,PARANGA
113,DODOMA,KONDOA,KONDOA KUSINI,MAKORONGO
114,DODOMA,KONDOA,KONDOA KASKAZINI,HAUBI
115,DODOMA,KONGWA,KONGWA,UGOGONI
116,DODOMA,KONGWA,KONGWA,KONGWA
117,DODOMA,KONGWA,KONGWA,MKOKA
118,DODOMA,KONGWA,KONGWA,ZOISSA
119,DODOMA,MPWAPWA,MPWAPWA,MATOMONDO
120,DODOMA,MPWAPWA,NA,LUMUMA
121,DODOMA,MPWAPWA,KIBAKWE,KIBAKWE
122,DODOMA,MPWAPWA,MPWAPWA,MPWAPWA MJINI
123,IRINGA,IRINGA RURAL,ISMANI,NDULI
124,IRINGA,IRINGA RURAL,ISMANI,MAHUNINGA
125,IRINGA,IRINGA RURAL,KALENGA,MAGULILWA
126,IRINGA,IRINGA RURAL,KALENGA,KALENGA
127,IRINGA,IRINGA RURAL,KALENGA,KIWERE
128,IRINGA,IRINGA RURAL,KALENGA,MSEKE
129,IRINGA,IRINGA URBAN,IRINGA MJINI,MTWIVILA
130,IRINGA,IRINGA URBAN,IRINGA MJINI,MWANGATA
131,IRINGA,IRINGA URBAN,IRINGA MJINI,KWAKILOSA
132,IRINGA,IRINGA URBAN,IRINGA MJINI,MKWAWA
133,IRINGA,IRINGA URBAN,IRINGA MJINI,GANGILONGA
134,IRINGA,IRINGA URBAN,IRINGA MJINI,RUAHA
135,IRINGA,KILOLO,KILOLO,MAHENGE
136,IRINGA,KILOLO,KILOLO,ILULA
137,IRINGA,KILOSA,KILOLO,MAHENGE ?
138,IRINGA,LUDEWA,LUDEWA,MAWENGI
139,IRINGA,LUDEWA,LUDEWA,LUPINGU
140,IRINGA,LUDEWA,LUDEWA,LUDEWA
141,IRINGA,MAKETE,MAKETE,MATAMBA
142,IRINGA,MAKETE,MAKETE,LUPILA
143,IRINGA,MAKETE,MAKETE,LWAWA
144,IRINGA,MAKETE,MAKETE,MLONDWE
145,IRINGA,MUFINDI,MUFINDI KUSINI,IHOWANZA
146,IRINGA,MUFINDI,MUFINDI KUSINI,MTWANGO
147,IRINGA,MUFINDI,MUFINDI KASKAZINI,MAFINGA
148,IRINGA,MUFINDI,MUFINDI KUSINI,NYOLOLO
149,IRINGA,MUFINDI,MUFINDI KASKAZINI,SADANI
150,IRINGA,NJOMBE,NJOMBE KUSINI,NJOMBE MJINI
151,IRINGA,NJOMBE,MUFINDI KUSINI,MTWANGO
152,IRINGA,NJOMBE,NJOMBE MAGHARIBI,WANGING'OMBE
153,IRINGA,NJOMBE,NJOMBE KASKAZINI,MAKAMBAKO
154,IRINGA,NJOMBE,NJOMBE MAGHARIBI,LMALINYI
155,IRINGA,NJOMBE,NJOMBE KASKAZINI,IGONGOLO
156,IRINGA,NJOMBE,MUFINDI KUSINI,UWEMBA
157,KAGERA,BIHARAMULO,NA,BUSERESERE
158,KAGERA,BIHARAMULO,BIHARAMULO MAGHARIBI,NYABUSOZI
159,KAGERA,BIHARAMULO,BIHARAMULO MAGHARIBI,KALENGE
160,KAGERA,BIHARAMULO,NA,BWANGA
161,KAGERA,BIHARAMULO,BIHARAMULO MAGHARIBI,NYARUBUNGO
162,KAGERA,BIHARAMULO,BIHARAMULO MAGHARIBI,RUNAZI
163,KAGERA,BIHARAMULO,NA,NYAMIREMBE
164,KAGERA,BIHARAMULO,BIHARAMULO MAGHARIBI,NYAKAHURA
165,KAGERA,BIHARAMULO,NA,MUGANZA
166,KAGERA,BIHARAMULO,NA,CHATO
167,KAGERA,BUKOBA RURAL,NKENGE,KASAMBYA
168,KAGERA,BUKOBA RURAL,NKENGE,KITOBO
169,KAGERA,BUKOBA RURAL,NKENGE,BUGANDIKA
170,KAGERA,BUKOBA RURAL,NKENGE,BUYANGO
171,KAGERA,BUKOBA RURAL,NKENGE,NSUNGA
172,KAGERA,BUKOBA RURAL,NKENGE,BUGORORA
173,KAGERA,BUKOBA RURAL,NKENGE,BWANJAI
174,KAGERA,BUKOBA RURAL,BUKOBA VIJIJINI,KAIBANJA
175,KAGERA,BUKOBA RURAL,BUKOBA VIJIJINI,KATORO
176,KAGERA,BUKOBA RURAL,BUKOBA VIJIJINI,KATERERO
177,KAGERA,BUKOBA RURAL,BUKOBA VIJIJINI,MIKONI
178,KAGERA,BUKOBA URBAN,BUKOBA MJINI,MIEMBENI
179,KAGERA,BUKOBA URBAN,BUKOBA MJINI,KIBETA
180,KAGERA,BUKOBA URBAN,BUKOBA MJINI,HAMUGERNBE
181,KAGERA,BUKOBA URBAN,BUKOBA MJINI,NSHAMBYA
182,KAGERA,BUKOBA URBAN,BUKOBA MJINI,KAHORORO
183,KAGERA,BUKOBA URBAN,BUKOBA MJINI,KITENDAGURO
184,KAGERA,KARAGWE,KARAGWE,KITUNTU
185,KAGERA,KARAGWE,KARAGWE,NYAKAKIKA
186,KAGERA,KARAGWE,KYERWA,MURONGO
187,KAGERA,KARAGWE,KYERWA,NKWENDA
188,KAGERA,KARAGWE,KYERWA,KIMULI
189,KAGERA,KARAGWE,KARAGWE,BWERANYANGE
190,KAGERA,LAKE VICTORIA,NA,N.A. ( 4)
191,KAGERA,MULEBA,MULEBA KASKAZINI,LZIGO
192,KAGERA,MULEBA,MULEBA KUSINI,KARAMBI
193,KAGERA,MULEBA,MULEBA KASKAZINI,MUHUTWE
194,KAGERA,MULEBA,MULEBA KUSINI,BUREZA
195,KAGERA,MULEBA,MULEBA KASKAZINI,BUMBILE
196,KAGERA,MULEBA,MULEBA KUSINI,KASHARUNGA
197,KAGERA,MULEBA,MULEBA KASKAZINI,KAMACHUMU
198,KAGERA,NGARA,NGARA,MUGANZA
199,KAGERA,NGARA,NGARA,BUGARAMA
200,KAGERA,NGARA,NGARA,KANAZI
201,KAGERA,NGARA,NGARA,KABANGA
202,KAGERA,NGARA,NGARA,KIRUSHYA
203,KAGERA,NGARA,NGARA,RUSUMO
204,KIGOMA,KASULU,KASULU VIJIJINI,ERU USHINGO
205,KIGOMA,KASULU,KASULU VIJIJINI,NYAMIDAHO
206,KIGOMA,KASULU,KASULU VIJIJINI,KITAGATA
207,KIGOMA,KASULU,KASULU VIJIJINI,MUZENZE
208,KIGOMA,KASULU,NA,KAJANA
209,KIGOMA,KASULU,KASULU MJINI,MURUFITI
210,KIGOMA,KASULU,NA,JANDA
211,KIGOMA,KASULU,NA,BUHORO
212,KIGOMA,KASULU,NA,MSAMBARA
213,KIGOMA,KIBONDO,MUHAMBWE,KIBONDO MJINI
214,KIGOMA,KIBONDO,MUHAMBWE,KITAHANA
215,KIGOMA,KIBONDO,MUHAMBWE,BUSAGARA
216,KIGOMA,KIBONDO,MUHAMBWE,KUMSENGA
217,KIGOMA,KIBONDO,BUYUNGU,NYAMTUKUZA
218,KIGOMA,KIBONDO,MUHAMBWE,MURUNGU
219,KIGOMA,KIBONDO,BUYUNGU,KAKONKO
220,KIGOMA,KIBONDO,MUHAMBWE,RUGONGWE
221,KIGOMA,KIGOMA RURAL,KIGOMA KASKAZINI,BITALE
222,KIGOMA,KIGOMA RURAL,KIGOMA KUSINI,NGURUKA
223,KIGOMA,KIGOMA RURAL,KIGOMA KUSINI,UVINZA
224,KIGOMA,KIGOMA RURAL,KIGOMA KASKAZINI,MAHEMBE
225,KIGOMA,KIGOMA RURAL,KIGOMA KUSINI,SUNUKA
226,KIGOMA,KIGOMA URBAN,KIGOMA MJINI,KIGOMA BANGWE
227,KIGOMA,KIGOMA URBAN,KIGOMA MJINI,MWANGA KASKAZINI
228,KIGOMA,LAKE TANGANYIKA,NA,N.A. ( 1030)
229,KILIMANJARO,HAI,HAI,MASAMA MASHARIKI
230,KILIMANJARO,HAI,SIHA,SIHA KATI
231,KILIMANJARO,HAI,HAI,HAI MJINI
232,KILIMANJARO,HAI,SIHA,SIHA MAGHARIBI
233,KILIMANJARO,MOSHI RURAL,VUNJO,MWIKA KUSINI
234,KILIMANJARO,MOSHI RURAL,MOSHI VIJIJINI,KIMOCHI
235,KILIMANJARO,MOSHI RURAL,VUNJO,KIRUA VUNJO MASHARIKI
236,KILIMANJARO,MOSHI RURAL,MOSHI VIJIJINI,KINDI
237,KILIMANJARO,MOSHI RURAL,VUNJO,MARANGU MAGHARIBI
238,KILIMANJARO,MOSHI RURAL,MOSHI VIJIJINI,KIBOSHO KATI
239,KILIMANJARO,MOSHI URBAN,MOSHI MJINI,MSARANGA
240,KILIMANJARO,MOSHI URBAN,MOSHI MJINI,PASUA
241,KILIMANJARO,MOSHI URBAN,MOSHI MJINI,KALOLENI
242,KILIMANJARO,MWANGA,MWANGA,MSANGENI
243,KILIMANJARO,MWANGA,MWANGA,KWAKOA
244,KILIMANJARO,MWANGA,MWANGA,KILEO
245,KILIMANJARO,MWANGA,MWANGA,MWANGA
246,KILIMANJARO,MWANGA,MWANGA,MWANIKO
247,KILIMANJARO,MWANGA,MWANGA,SHIGATINI
248,KILIMANJARO,MWANGA,MWANGA,JIPE
249,KILIMANJARO,ROMBO,ROMBO,KELAMFUA MOKALA
250,KILIMANJARO,ROMBO,ROMBO,OLELE
251,KILIMANJARO,ROMBO,ROMBO,KIRONGO SAMANGA
252,KILIMANJARO,ROMBO,ROMBO,KITIRIMA KINGACHI
253,KILIMANJARO,ROMBO,ROMBO,USHIRI IKUINI
254,KILIMANJARO,SAME,SAME MASHARIKI,NDUNGU
255,KILIMANJARO,SAME,SAME MAGHARIBI,MAKANYA
256,KILIMANJARO,SAME,SAME MAGHARIBI,SUJI
257,KILIMANJARO,SAME,SAME MAGHARIBI,SAME MJINI
258,LINDI,KILWA,KILWA KASKAZINI,TINGI
259,LINDI,KILWA,KILWA KASKAZINI,KIPATIMU
260,LINDI,KILWA,KILWA KASKAZINI,NJINJO
261,LINDI,KILWA,KILWA KUSINI,PANDE
262,LINDI,KILWA,KILWA KUSINI,KIVINJE SINGINO
263,LINDI,KILWA,KILWA KUSINI,MASOKO
264,LINDI,KILWA,KILWA KASKAZINI,MINGUMBI
265,LINDI,LINDI RURAL,MTAMA,NAMUPA
266,LINDI,LINDI RURAL,MTAMA,MNARA
267,LINDI,LINDI RURAL,MCHINGA,MILOLA
268,LINDI,LINDI RURAL,MTAMA,NYANGAO
269,LINDI,LINDI RURAL,MTAMA,MTAMA
270,LINDI,LINDI RURAL,MCHINGA,MBANJA
271,LINDI,LINDI RURAL,MTAMA,SUDI
272,LINDI,LINDI RURAL,MTAMA,MNOLELA
273,LINDI,LINDI RURAL,MTAMA,NACHUNYU
274,LINDI,LINDI RURAL,MCHINGA,TANDANGONGORO
275,LINDI,LINDI RURAL,MCHINGA,RUTAMBA
276,LINDI,LINDI RURAL,MTAMA,MINGOYO
277,LINDI,LINDI URBAN,LINDI MJINI,MTANDA
278,LINDI,LINDI URBAN,LINDI MJINI,JAMHURI
279,LINDI,LINDI URBAN,LINDI MJINI,RAHALEO
280,LINDI,LINDI URBAN,LINDI MJINI,RASBURA
281,LINDI,LINDI URBAN,LINDI MJINI,MAKONDE
282,LINDI,LINDI URBAN,LINDI MJINI,MWENGE
283,LINDI,LIWALE,LIWALE,LIWALE 'B'
284,LINDI,LIWALE,LIWALE,NGONGOWELE
285,LINDI,LIWALE,LIWALE,MLEMBWE
286,LINDI,LIWALE,LIWALE,LIWALE MJINI
287,LINDI,LIWALE,LIWALE,MBAYA
288,LINDI,LIWALE,LIWALE,MANGIRIKITI
289,LINDI,NACHINGWEA,NACHINGWEA,KILIMA RONDO
290,LINDI,NACHINGWEA,NACHINGWEA,NAMATULA
291,LINDI,NACHINGWEA,NACHINGWEA,CHIOLA
292,LINDI,NACHINGWEA,NACHINGWEA,MATEKWE
293,LINDI,NACHINGWEA,NACHINGWEA,KIEGEI
294,LINDI,NACHINGWEA,NACHINGWEA,NAIPINGO
295,LINDI,NACHINGWEA,NACHINGWEA,MTUA
296,LINDI,NACHINGWEA,NACHINGWEA,NAIPANGA
297,LINDI,NACHINGWEA,NACHINGWEA,MNERO NGONGO
298,LINDI,NACHINGWEA,NACHINGWEA,MPIRUKA
299,LINDI,NACHINGWEA,NACHINGWEA,MKOKA
300,LINDI,RUANGWA,RUANGWA,RUANGWA
301,LINDI,RUANGWA,RUANGWA,CHIENJERE
302,LINDI,RUANGWA,RUANGWA,NARUNG'OMBE
303,LINDI,RUANGWA,RUANGWA,LIKUNJA
304,MANYARA,BABATI,BABATI MJINI,SIGINO
305,MANYARA,BABATI,BABATI VIJIJINI,BASHNET
306,MANYARA,BABATI,BABATI VIJIJINI,MAGUGU
307,MANYARA,HANANG,HANANG,MOGITU
308,MANYARA,HANANG,HANANG,NANGWA
309,MANYARA,HANANG,HANANG,GENDABI
310,MANYARA,HANANG,HANANG,BASSOTU
311,MANYARA,KITETO,KITETO,MATUI
312,MANYARA,KITETO,KITETO,PARTIMBO
313,MANYARA,MBULU,MBULU,DONGOBESH
314,MANYARA,MBULU,MBULU,YAEDA CHINI
315,MANYARA,SIMANJIRO,SIMANJIRO,NABERERA
316,MANYARA,SIMANJIRO,SIMANJIRO,SHAMBARAI
317,MANYARA,SIMANJIRO,SIMANJIRO,MERERANI
318,MANYARA,SIMANJIRO,SIMANJIRO,OLJORO
319,MANYARA,SIMANJIRO,SIMANJIRO,ORKESUMET
320,MANYARA,SIMANJIRO,SIMANJIRO,LOIBOR-SIRET
321,MARA,BUNDA,BUNDA,BUNDA
322,MARA,BUNDA,BUNDA,KABASA
323,MARA,BUNDA,BUNDA,SALAMA
324,MARA,BUNDA,BUNDA,MCHARO
325,MARA,LAKE VICTORIA,NA,N.A. ( 3)
326,MARA,MUSOMA RURAL,MUSOMA VIJIJINI,BWIREGI
327,MARA,MUSOMA RURAL,MUSOMA VIJIJINI,MAKOJO
328,MARA,MUSOMA RURAL,MUSOMA VIJIJINI,NYANKANQA
329,MARA,MUSOMA RURAL,MUSOMA VIJIJINI,KIRIBA
330,MARA,MUSOMA RURAL,MUSOMA VIJIJINI,BUKABWA
331,MARA,MUSOMA RURAL,MUSOMA VIJIJINI,BUSWAHILI
332,MARA,MUSOMA RURAL,MUSOMA VIJIJINI,MASABA
333,MARA,MUSOMA URBAN,MUSOMA MJINI,MAKOKO
334,MARA,MUSOMA URBAN,MUSOMA MJINI,KIGERA
335,MARA,MUSOMA URBAN,MUSOMA MJINI,BWERI
336,MARA,SERENGETI,SERENGETI,KENYAMONTA
337,MARA,SERENGETI,SERENGETI,NYAMATARE
338,MARA,TARIME,TARIME,NYANDOTO
339,MARA,TARIME,TARIME,SIRARI
340,MARA,TARIME,TARIME,MATONGO
341,MBEYA,CHUNYA,LUPA,MATWIGA
342,MBEYA,CHUNYA,LUPA,MAKONGOROSI
343,MBEYA,CHUNYA,LUPA,IFUMBO
344,MBEYA,CHUNYA,SONGWE,MBANGALA
345,MBEYA,CHUNYA,LUPA,MTANILA
346,MBEYA,CHUNYA,LUPA,KAMBIKATOTO
347,MBEYA,CHUNYA,LUPA,MAFYEKO
348,MBEYA,ILEJE,ILEJE,ISONGOLE
349,MBEYA,ILEJE,ILEJE,CHITETE
350,MBEYA,KYELA,KYELA,MATEMA
351,MBEYA,KYELA,KYELA,BUJONDE
352,MBEYA,KYELA,KYELA,IKOLO
353,MBEYA,MBARALI,MBARALI,UBARUKU
354,MBEYA,MBARALI,MBARALI,IGURUSI
355,MBEYA,MBEYA RURAL,MBEYA VIJIJINI,ILEMBO
356,MBEYA,MBEYA RURAL,MBEYA VIJIJINI,ISUTO
357,MBEYA,MBEYA RURAL,MBEYA VIJIJINI,IWIJI
358,MBEYA,MBEYA RURAL,MBEYA VIJIJINI,UTENGULE USONGWE
359,MBEYA,MBEYA URBAN,MBEYA MJINI,IGAWILO
360,MBEYA,MBEYA URBAN,MBEYA MJINI,ISYESYE
361,MBEYA,MBEYA URBAN,MBEYA MJINI,NZOVWE
362,MBEYA,MBEYA URBAN,MBEYA MJINI,UYOLE
363,MBEYA,MBEYA URBAN,MBEYA MJINI,IYELA
364,MBEYA,MBEYA URBAN,MBEYA MJINI,ILEMI
365,MBEYA,MBEYA URBAN,MBEYA MJINI,MWAKIBETE
366,MBEYA,MBEYA URBAN,MBEYA MJINI,FOREST
367,MBEYA,MBOZI,MBOZI MAGHARIBI,LSANSA
368,MBEYA,MBOZI,MBOZI MASHARIKI,RUANDA
369,MBEYA,MBOZI,MBOZI MAGHARIBI,IHANDA
370,MBEYA,MBOZI,MBOZI MASHARIKI,TUNDUMA
371,MBEYA,MBOZI,MBOZI MASHARIKI,MSIA
372,MBEYA,MBOZI,MBOZI MAGHARIBI,CHILULUMO
373,MBEYA,MBOZI,MBOZI MASHARIKI,NYIMBILI
374,MBEYA,MBOZI,MBOZI MAGHARIBI,ISANDULA
375,MBEYA,RUNGWE,RUNGWE MASHARIKI,LSANGE
376,MBEYA,RUNGWE,RUNGWE MAGHARIBI,LUFINGO
377,MBEYA,RUNGWE,RUNGWE MAGHARIBI,KIWIRA
378,MBEYA,RUNGWE,RUNGWE MASHARIKI,KAMBASEGELA
379,MOROGORO,KILOMBERO,KILOMBERO,LUMELO
380,MOROGORO,KILOMBERO,KILOMBERO,IDETE
381,MOROGORO,KILOMBERO,KILOMBERO,MANG'ULA
382,MOROGORO,KILOMBERO,KILOMBERO,IFAKARA
383,MOROGORO,KILOMBERO,KILOMBERO,KIDATU
384,MOROGORO,KILOMBERO,KILOMBERO,CHITA
385,MOROGORO,KILOSA,KILOSA,MSOWERO
386,MOROGORO,KILOSA,GAIRO,MANDEGE
387,MOROGORO,KILOSA,GAIRO,CHAGONGWE
388,MOROGORO,KILOSA,MIKUMI,ZOMBO
389,MOROGORO,KILOSA,KILOSA,MAMBOYA
390,MOROGORO,KILOSA,KILOSA,KIMAMBA 'A'
391,MOROGORO,KILOSA,GAIRO,GAIRO
392,MOROGORO,KILOSA,KILOSA,DUMILA
393,MOROGORO,KILOSA,KILOSA,KIDETE
394,MOROGORO,MOROGORO RURAL,MOROGORO KUSINI MASHARIKI,MKUYUNI
395,MOROGORO,MOROGORO RURAL,MOROGORO KUSINI,KISAKI
396,MOROGORO,MOROGORO RURAL,MOROGORO KUSINI MASHARIKI,KIROKA
397,MOROGORO,MOROGORO RURAL,MOROGORO KUSINI MASHARIKI,KIDUGALO
398,MOROGORO,MOROGORO RURAL,MOROGORO KUSINI,MTOMBOZI
399,MOROGORO,MOROGORO URBAN,MOROGORO MJINI,KINGO
400,MOROGORO,MOROGORO URBAN,MOROGORO MJINI,MAZIMBU
401,MOROGORO,MOROGORO URBAN,MOROGORO MJINI,MWEMBESONGO
402,MOROGORO,MOROGORO URBAN,MOROGORO MJINI,KIHONDA
403,MOROGORO,MOROGORO URBAN,MOROGORO MJINI,KINGOLWIRA
404,MOROGORO,MOROGORO URBAN,MOROGORO MJINI,MBUYUNI
405,MOROGORO,MOROGORO URBAN,MOROGORO MJINI,MZINGA
406,MOROGORO,MOROGORO URBAN,MOROGORO MJINI,UWANJA WA TAIFA
407,MOROGORO,MOROGORO URBAN,MOROGORO MJINI,MLIMANI
408,MOROGORO,MVOMERO,MVOMERO,MTIBWA
409,MOROGORO,MVOMERO,MVOMERO,KANGA
410,MOROGORO,MVOMERO,MVOMERO,KIKEO
411,MOROGORO,MVOMERO,MVOMERO,SUNGAJI
412,MOROGORO,MVOMERO,MVOMERO,KIBATI
413,MOROGORO,MVOMERO,MVOMERO,TCHENZEMA
414,MOROGORO,MVOMERO,MVOMERO,MLALI
415,MOROGORO,MVOMERO,MVOMERO,MZUMBE
416,MOROGORO,MVOMERO,MVOMERO,DIONGOYA
417,MOROGORO,ULANGA,ULANGA MASHARIKI,VIGOI
418,MOROGORO,ULANGA,ULANGA MASHARIKI,LSONGO
419,MOROGORO,ULANGA,ULANGA MAGHARIBI,LUPIRO
420,MOROGORO,ULANGA,ULANGA MASHARIKI,LUKANDE
421,MOROGORO,ULANGA,ULANGA MAGHARIBI,MTIMBIRA
422,MOROGORO,ULANGA,ULANGA MAGHARIBI,ITETE
423,MTWARA,MASASI,MASASI,MASASI
424,MTWARA,MASASI,MASASI,LISEKESE
425,MTWARA,MASASI,MASASI,CHIGUGU
426,MTWARA,MASASI,NANYUMBU,NANGOMBA
427,MTWARA,MASASI,LULINDI,MKULULU
428,MTWARA,MASASI,MASASI,MWENA
429,MTWARA,MASASI,LULINDI,MPINDIMBI
430,MTWARA,MASASI,LULINDI,LULINDI
431,MTWARA,MASASI,MASASI,NAMAJANI
432,MTWARA,MASASI,NANYUMBU,NANDETE
433,MTWARA,MASASI,LULINDI,MNAVIRA
434,MTWARA,MASASI,NANYUMBU,MASUGURU
435,MTWARA,MASASI,NANYUMBU,MKONONA
436,MTWARA,MASASI,NANYUMBU,NAPACHO
437,MTWARA,MASASI,NANYUMBU,NANYUMBU
438,MTWARA,MTWARA RURAL,MTWARA VIJIJINI,MTINIKO
439,MTWARA,MTWARA RURAL,MTWARA VIJIJINI,DIHIMBA
440,MTWARA,MTWARA RURAL,MTWARA VIJIJINI,MNIMA
441,MTWARA,MTWARA RURAL,MTWARA VIJIJINI,NDUMBWE
442,MTWARA,MTWARA RURAL,MTWARA VIJIJINI,NAUMBU
443,MTWARA,MTWARA RURAL,MTWARA VIJIJINI,NANYAMBA
444,MTWARA,MTWARA RURAL,MTWARA VIJIJINI,MAYANGA
445,MTWARA,MTWARA RURAL,MTWARA VIJIJINI,KITERE
446,MTWARA,MTWARA RURAL,MTWARA VIJIJINI,ZIWANI
447,MTWARA,MTWARA RURAL,MTWARA VIJIJINI,NITEKELA
448,MTWARA,MTWARA RURAL,MTWARA VIJIJINI,KIROMBA
449,MTWARA,MTWARA RURAL,MTWARA VIJIJINI,KITAYA
450,MTWARA,MTWARA RURAL,MTWARA VIJIJINI,MADIMBA
451,MTWARA,MTWARA RURAL,MTWARA VIJIJINI,NANGURUWE
452,MTWARA,MTWARA URBAN,MTWARA MJINI,LIKOMBE
453,MTWARA,MTWARA URBAN,MTWARA MJINI,VIGAENI
454,MTWARA,MTWARA URBAN,MASASI,MWENA
455,MTWARA,MTWARA URBAN,MTWARA MJINI,SHANGANI
456,MTWARA,MTWARA URBAN,MTWARA MJINI,MITENGO
457,MTWARA,MTWARA URBAN,MTWARA MJINI,CHIKONGOLA
458,MTWARA,NEWALA,NEWALA,LUCHINGU
459,MTWARA,NEWALA,NEWALA,MCHOLI II
460,MTWARA,NEWALA,NEWALA,MTOPWA
461,MTWARA,NEWALA,NEWALA,CHIWONGA
462,MTWARA,NEWALA,NEWALA,MAKUKWE
463,MTWARA,NEWALA,MASASI,NANGANGA
464,MTWARA,NEWALA,NEWALA,MAKOTE
465,MTWARA,NEWALA,NEWALA,KITANGARI
466,MTWARA,NEWALA,NEWALA,MCHEMO
467,MTWARA,NEWALA,NEWALA,MKWEDU
468,MTWARA,TANDAHIMBA,TANDAHIMBA,MKOREHA
469,MTWARA,TANDAHIMBA,TANDAHIMBA,NANHYANGA
470,MTWARA,TANDAHIMBA,TANDAHIMBA,KITAMA
471,MTWARA,TANDAHIMBA,TANDAHIMBA,TANDAHIMBA
472,MTWARA,TANDAHIMBA,TANDAHIMBA,MAUNDO
473,MTWARA,TANDAHIMBA,TANDAHIMBA,MCHOLI II
474,MTWARA,TANDAHIMBA,TANDAHIMBA,MDIMBA MNYOMA
475,MTWARA,TANDAHIMBA,TANDAHIMBA,CHINGUNGWE
476,MTWARA,TANDAHIMBA,TANDAHIMBA,MAHUTA
477,MTWARA,TANDAHIMBA,TANDAHIMBA,NGUNJA
478,MTWARA,TANDAHIMBA,TANDAHIMBA,NAMIKUPA
479,MWANZA,GEITA,GEITA,SENGA
480,MWANZA,GEITA,GEITA,KALANGALALA
481,MWANZA,GEITA,BUSANDA,KASEME
482,MWANZA,GEITA,BUSANDA,KAMENA
483,MWANZA,GEITA,BUSANDA,KATORO
484,MWANZA,GEITA,BUSANDA,NYAMALIMBE
485,MWANZA,GEITA,NYANG'HWALE,NYANG'HWALE
486,MWANZA,GEITA,BUSANDA,BUKOLI
487,MWANZA,GEITA,GEITA,NKOME
488,MWANZA,GEITA,BUSANDA,LWAMGASA
489,MWANZA,GEITA,BUSANDA,NYAKAMWAGA
490,MWANZA,GEITA,GEITA,KASAMWA
491,MWANZA,ILEMELA,ILEMELA,BUSWELU
492,MWANZA,ILEMELA,ILEMELA,BUGOGWA
493,MWANZA,ILEMELA,ILEMELA,ILEMELA
494,MWANZA,ILEMELA,ILEMELA,NYAKATO
495,MWANZA,ILEMELA,ILEMELA,PASIANSI
496,MWANZA,ILEMELA,NYAMAGANA,MKOLANI
497,MWANZA,ILEMELA,ILEMELA,SANGABUYE
498,MWANZA,ILEMELA,NYAMAGANA,LGOMA
499,MWANZA,ILEMELA,NYAMAGANA,BUTIMBA
500,MWANZA,ILEMELA,NYAMAGANA,BUHONGWA
501,MWANZA,KWIMBA,SUMVE,MALIGISU
502,MWANZA,KWIMBA,KWIMBA,MHANDE
503,MWANZA,KWIMBA,SUMVE,MANTARE
504,MWANZA,KWIMBA,NGUDU,NGUDU
505,MWANZA,KWIMBA,KWIMBA,MWAMALA
506,MWANZA,KWIMBA,SUMVE,MWANDU
507,MWANZA,KWIMBA,KWIMBA,NG'HUNDI
508,MWANZA,LAKE VICTORIA,NA,N.A. ( 112)
509,MWANZA,MAGU,MAGU MJINI,KISESA
510,MWANZA,MAGU,MAGU MJINI,MWAMANGA
511,MWANZA,MAGU,MAGU MJINI,NKUNGULU
512,MWANZA,MAGU,MAGU MJINI,MAGU MJINI
513,MWANZA,MAGU,MAGU MJINI,SUKUMA
514,MWANZA,MAGU,BUSEGA,MKULA
515,MWANZA,MAGU,BUSEGA,KALEMALA
516,MWANZA,MISUNGWI,MISUNGWI,IGOKELO
517,MWANZA,MISUNGWI,MISUNGWI,BUSONGO
518,MWANZA,MISUNGWI,MISUNGWI,ILUJAMATE
519,MWANZA,MISUNGWI,MISUNGWI,KAROMIJE
520,MWANZA,MISUNGWI,MISUNGWI,MISASI
521,MWANZA,MISUNGWI,MISUNGWI,MISSUNGWI
522,MWANZA,NYAMAGANA,ILEMELA,NYAMANORO
523,MWANZA,NYAMAGANA,NYAMAGANA,MKUYUNI
524,MWANZA,NYAMAGANA,NYAMAGANA,MBUGANI
525,MWANZA,NYAMAGANA,NYAMAGANA,IGOGO
526,MWANZA,NYAMAGANA,ILEMELA,KITANGIRI
527,MWANZA,NYAMAGANA,NYAMAGANA,PAMBA
528,MWANZA,SENGEREMA,BUCHOSA,BUPANDWAMHELA
529,MWANZA,SENGEREMA,BUCHOSA,KATWE
530,MWANZA,SENGEREMA,SENGEREMA,CHIFUNFU
531,MWANZA,SENGEREMA,SENGEREMA,BUZILASOGA
532,MWANZA,SENGEREMA,BUCHOSA,NYEHUNGE
533,MWANZA,SENGEREMA,BUCHOSA,KALEBEZO
534,MWANZA,SENGEREMA,SENGEREMA,KATUNGURU
535,MWANZA,UKEREWE,UKEREWE,MURITI
536,MWANZA,UKEREWE,UKEREWE,BUKANDA
537,MWANZA,UKEREWE,UKEREWE,ILANGALA
538,MWANZA,UKEREWE,UKEREWE,NAMILEMBE
539,MWANZA,UKEREWE,UKEREWE,NAKATUNGURU
540,MWANZA,UKEREWE,UKEREWE,NDURUMA
541,PWANI,BAGAMOYO,BAGAMOYO,MAGOMENI
542,PWANI,BAGAMOYO,CHALINZE,CHALINZE
543,PWANI,BAGAMOYO,BAGAMOYO,DUNDA
544,PWANI,BAGAMOYO,BAGAMOYO,ZINGA
545,PWANI,BAGAMOYO,CHALINZE,MKANGE
546,PWANI,BAGAMOYO,CHALINZE,KIWANGWA
547,PWANI,KIBAHA,KIBAHA MJINI,VISIGA
548,PWANI,KIBAHA,KIBAHA VIJIJINI,MLANDIZI
549,PWANI,KIBAHA,KIBAHA MJINI,TUMBI
550,PWANI,KIBAHA,KIBAHA MJINI,KIBAHA
551,PWANI,KISARAWE,KISARAWE,MZENGA
552,PWANI,KISARAWE,KISARAWE,KILUVYA
553,PWANI,KISARAWE,NA,VIHINGO
554,PWANI,MAFIA,MAFIA,JIBONDO
555,PWANI,MKURANGA,MKURANGA,NYAMATO
556,PWANI,MKURANGA,MKURANGA,KIMANZICHANA
557,PWANI,MKURANGA,MKURANGA,MAGAWA
558,PWANI,MKURANGA,MKURANGA,MKURANGA
559,PWANI,MKURANGA,MKURANGA,TAMBANI
560,PWANI,MKURANGA,MKURANGA,VIKINDU
561,PWANI,RUFIJI,RUFIJI,CHUMBI
562,PWANI,RUFIJI,KIBITI,BUNGU
563,PWANI,RUFIJI,RUFIJI,UTETE
564,PWANI,RUFIJI,RUFIJI,LKWIRIRI
565,PWANI,RUFIJI,KIBITI,MAPARONI
566,PWANI,RUFIJI,RUFIJI,MBWARA
567,RUKWA,MPANDA,NA,KATUMBA
568,RUKWA,MPANDA,NA,MISHAMO
569,RUKWA,MPANDA,NA,KASHAULILI
570,RUKWA,MPANDA,NA,KATUMA
571,RUKWA,MPANDA,NA,MAMBA
572,RUKWA,MPANDA,NKASI KASKAZINI,MKWAMBA
573,RUKWA,MPANDA,NA,MACHIMBONI
574,RUKWA,NKASI,NKASI KASKAZINI,NAMANYERE
575,RUKWA,NKASI,NKASI KASKAZINI,ISALE
576,RUKWA,NKASI,NKASI KASKAZINI,KIRANDO
577,RUKWA,NKASI,NKASI KUSINI,NINDE
578,RUKWA,NKASI,NA,N.A. ( 1861)
579,RUKWA,SUMBAWANGA RURAL,KWELA,LAELA
580,RUKWA,SUMBAWANGA RURAL,KWELA,MUZE
581,RUKWA,SUMBAWANGA RURAL,KWELA,MTOWISA
582,RUKWA,SUMBAWANGA RURAL,KWELA,KALAMBAZITE
583,RUKWA,SUMBAWANGA URBAN,SUMBAWANGA MJINI,SENGA
584,RUKWA,SUMBAWANGA URBAN,SUMBAWANGA MJINI,MILANZI
585,RUKWA,SUMBAWANGA URBAN,SUMBAWANGA MJINI,KATANDALA
586,RUKWA,SUMBAWANGA URBAN,SUMBAWANGA MJINI,MAZWI
587,RUVUMA,MBINGA,MBINGA MAGHARIBI,KILOSA
588,RUVUMA,MBINGA,MBINGA MAGHARIBI,KINGERIKITI
589,RUVUMA,MBINGA,MBINGA MAGHARIBI,LIULI
590,RUVUMA,MBINGA,MBINGA MASHARIKI,MBUJI
591,RUVUMA,MBINGA,MBINGA MAGHARIBI,LITUHI
592,RUVUMA,MBINGA,MBINGA MASHARIKI,MBINGA URBAN
593,RUVUMA,MBINGA,MBINGA MAGHARIBI,KIHAGARA
594,RUVUMA,MBINGA,MBINGA MAGHARIBI,MBAMBA BAY
595,RUVUMA,MBINGA,MBINGA MASHARIKI,KILIMANI
596,RUVUMA,MBINGA,MBINGA MAGHARIBI,TINGI
597,RUVUMA,MBINGA,MBINGA MAGHARIBI,MBAHA
598,RUVUMA,NAMTUMBO,PERAMIHO,MATIMIRA
599,RUVUMA,NAMTUMBO,NAMTUMBO,MSINDO
600,RUVUMA,NAMTUMBO,NAMTUMBO,KITANDA
601,RUVUMA,NAMTUMBO,NAMTUMBO,LUCHILI
602,RUVUMA,NAMTUMBO,NAMTUMBO,RWINGA
603,RUVUMA,SONGEA RURAL,PERAMIHO,MUHUKURU
604,RUVUMA,SONGEA RURAL,PERAMIHO,MAPOSENI
605,RUVUMA,SONGEA RURAL,PERAMIHO,LILAMBO
606,RUVUMA,SONGEA RURAL,PERAMIHO,KILAGANO
607,RUVUMA,SONGEA RURAL,PERAMIHO,MAHANJE
608,RUVUMA,SONGEA RURAL,PERAMIHO,MAGAGURA
609,RUVUMA,SONGEA URBAN,SONGEA MJINI,LIZABONI
610,RUVUMA,SONGEA URBAN,SONGEA MJINI,MATOGORO
611,RUVUMA,SONGEA URBAN,SONGEA MJINI,SUBIRA
612,RUVUMA,SONGEA URBAN,SONGEA MJINI,BOMBA MBILI
613,RUVUMA,SONGEA URBAN,SONGEA MJINI,MFARANYAKI
614,RUVUMA,SONGEA URBAN,SONGEA MJINI,MSHANGANO
615,RUVUMA,SONGEA URBAN,SONGEA MJINI,MATARAWE
616,RUVUMA,TUNDURU,TUNDURU KASKAZINI,MLINGOTI MASHARIKI
617,RUVUMA,TUNDURU,TUNDURU KASKAZINI,MLINGOTI MAGHARIBI
618,RUVUMA,TUNDURU,TUNDURU KASKAZINI,MUHUWESI
619,RUVUMA,TUNDURU,TUNDURU KASKAZINI,NAKAPANYA
620,RUVUMA,TUNDURU,TUNDURU KASKAZINI,KALULU
621,SHINYANGA,BARIADI,BARIADI MASHARIKI,LAGANGABILILI
622,SHINYANGA,BARIADI,BARIADI MASHARIKI,NKOMA
623,SHINYANGA,BARIADI,BARIADI MASHARIKI,LUGULU
624,SHINYANGA,BARIADI,BARIADI MAGHARIBI,BUNAMHALA
625,SHINYANGA,BARIADI,BARIADI MAGHARIBI,MWADOBANA
626,SHINYANGA,BARIADI,BARIADI MAGHARIBI,BARIADI
627,SHINYANGA,BUKOMBE,BUKOMBE,USHIROMBO
628,SHINYANGA,BUKOMBE,BUKOMBE,RUNZEWE
629,SHINYANGA,BUKOMBE,BUKOMBE,UYOVU
630,SHINYANGA,BUKOMBE,BUKOMBE,USHIRIKA
631,SHINYANGA,BUKOMBE,BUKOMBE,MASUMBWE
632,SHINYANGA,BUKOMBE,BUKOMBE,IPONYA
633,SHINYANGA,BUKOMBE,BUKOMBE,ILOLANGULU
634,SHINYANGA,BUKOMBE,BUKOMBE,LKUNGUIGAZI
635,SHINYANGA,KAHAMA,MSALALA,BUGARAMA
636,SHINYANGA,KAHAMA,MSALALA,LUNGUYA
637,SHINYANGA,KAHAMA,KAHAMA,BULUNGWA
638,SHINYANGA,KAHAMA,KAHAMA,IGWAMANONI
639,SHINYANGA,KAHAMA,KAHAMA,KILAGO
640,SHINYANGA,KAHAMA,KAHAMA,KAHAMA MJINI
641,SHINYANGA,KAHAMA,KAHAMA,CHAMBO
642,SHINYANGA,KAHAMA,KAHAMA,UYOGO
643,SHINYANGA,KAHAMA,KAHAMA,NYIHOGO
644,SHINYANGA,KAHAMA,KAHAMA,MHONGOLO
645,SHINYANGA,KAHAMA,KAHAMA,IDAHINA
646,SHINYANGA,KAHAMA,KAHAMA,MWENDAKULIMA
647,SHINYANGA,KAHAMA,MSALALA,CHELA
648,SHINYANGA,KAHAMA,KAHAMA,ULOWA
649,SHINYANGA,KAHAMA,KAHAMA,KINAMAPULA
650,SHINYANGA,KAHAMA,MSALALA,SEGESE
651,SHINYANGA,KAHAMA,MSALALA,BULIGE
652,SHINYANGA,KISHAPU,KISHAPU,KISHAPU
653,SHINYANGA,KISHAPU,KISHAPU,SHAGIHILU
654,SHINYANGA,KISHAPU,KISHAPU,KILOLELI
655,SHINYANGA,KISHAPU,KISHAPU,UKENYENGE
656,SHINYANGA,KISHAPU,KISHAPU,SONGWA
657,SHINYANGA,KISHAPU,KISHAPU,NGOFILA
658,SHINYANGA,MASWA,MASWA MAGHARIBI,BUCHAMBI
659,SHINYANGA,MASWA,MASWA MAGHARIBI,BADI
660,SHINYANGA,MASWA,MASWA MASHARIKI,LALANGO
661,SHINYANGA,MASWA,MASWA MASHARIKI,ISANGA
662,SHINYANGA,MASWA,MASWA MASHARIKI,SUKUMA
663,SHINYANGA,MASWA,MASWA MASHARIKI,DAKAMA
664,SHINYANGA,MASWA,MASWA MASHARIKI,BUSILILI
665,SHINYANGA,MEATU,MEATU,MWAMISHALI
666,SHINYANGA,MEATU,KISESA,MWABUSALU
667,SHINYANGA,MEATU,KISESA,KISESA
668,SHINYANGA,MEATU,MEATU,MWANHUZI
669,SHINYANGA,MEATU,MEATU,MWAMANONGU
670,SHINYANGA,MEATU,MEATU,KAMALI
671,SHINYANGA,MEATU,KISESA,LUBIGA
672,SHINYANGA,MEATU,KISESA,SAKASAKA
673,SHINYANGA,SHINYANGA RURAL,SOLWA,USULE
674,SHINYANGA,SHINYANGA RURAL,SOLWA,SALAWE
675,SHINYANGA,SHINYANGA RURAL,SOLWA,LYABUKANDE
676,SHINYANGA,SHINYANGA RURAL,SOLWA,DIDIA
677,SHINYANGA,SHINYANGA RURAL,SOLWA,ITWANGI
678,SHINYANGA,SHINYANGA RURAL,SOLWA,USANDA
679,SHINYANGA,SHINYANGA RURAL,SOLWA,MWAKITOLYO
680,SHINYANGA,SHINYANGA RURAL,SOLWA,MWANTINI
681,SHINYANGA,SHINYANGA RURAL,SOLWA,SAMUYE
682,SHINYANGA,SHINYANGA RURAL,SOLWA,IMESELA
683,SHINYANGA,SHINYANGA URBAN,SHINYANGA MJINI,KAMBARAGE
684,SHINYANGA,SHINYANGA URBAN,SHINYANGA MJINI,CHIBE
685,SHINYANGA,SHINYANGA URBAN,SHINYANGA MJINI,NDALA
686,SHINYANGA,SHINYANGA URBAN,SHINYANGA MJINI,SHINYANGA MJINI
687,SHINYANGA,SHINYANGA URBAN,SHINYANGA MJINI,LBADAKULI
688,SHINYANGA,SHINYANGA URBAN,SHINYANGA MJINI,IBINZAMATA
689,SHINYANGA,SHINYANGA URBAN,SHINYANGA MJINI,NGOKOLO
690,SHINYANGA,SHINYANGA URBAN,SHINYANGA MJINI,KOLANDOTO
691,SINGIDA,IRAMBA,IRAMBA MAGHARIBI,KISIRIRI
692,SINGIDA,IRAMBA,IRAMBA MAGHARIBI,MTOA
693,SINGIDA,IRAMBA,IRAMBA MAGHARIBI,KINAMPANDA
694,SINGIDA,IRAMBA,IRAMBA MASHARIKI,MWANGA
695,SINGIDA,IRAMBA,IRAMBA MAGHARIBI,KIDARU
696,SINGIDA,IRAMBA,IRAMBA MAGHARIBI,TULYA
697,SINGIDA,IRAMBA,IRAMBA MAGHARIBI,MTEKENTE
698,SINGIDA,IRAMBA,IRAMBA MAGHARIBI,SHELUI
699,SINGIDA,IRAMBA,IRAMBA MAGHARIBI,URUGHU
700,SINGIDA,IRAMBA,IRAMBA MASHARIKI,IBAGA
701,SINGIDA,MANYONI,MANYONI MASHARIKI,MAKURU
702,SINGIDA,MANYONI,MANYONI MAGHARIBI,MGANDU
703,SINGIDA,MANYONI,NA,MANYONL
704,SINGIDA,MANYONI,MANYONI MAGHARIBI,RUNGWA
705,SINGIDA,MANYONI,MANYONI MASHARIKI,MAKE - AZIMIO
706,SINGIDA,MANYONI,MANYONI MASHARIKI,CHIKOLA
707,SINGIDA,MANYONI,MANYONI MAGHARIBI,ITIGI
708,SINGIDA,SINGIDA RURAL,SINGIDA MASHARIKI,ISSUNA
709,SINGIDA,SINGIDA RURAL,SINGIDA MAGHARIBI,PUMA
710,SINGIDA,SINGIDA RURAL,SINGIDA MAGHARIBI,IHANJA
711,SINGIDA,SINGIDA RURAL,SINGIDA KASKAZINI,LKHANODA
712,SINGIDA,SINGIDA RURAL,SINGIDA MAGHARIBI,MINYUGHE
713,SINGIDA,SINGIDA RURAL,SINGIDA KASKAZINI,KINYETO
714,SINGIDA,SINGIDA URBAN,SINGIDA MJINI,IPEMBE
715,SINGIDA,SINGIDA URBAN,SINGIDA MJINI,KINDAI
716,SINGIDA,SINGIDA URBAN,SINGIDA MJINI,MANDEWA
717,TABORA,IGUNGA,IGUNGA,ISAKAMALIWA
718,TABORA,IGUNGA,IGUNGA,MWAMASHIGA
719,TABORA,IGUNGA,IGUNGA,KINING'INILA
720,TABORA,IGUNGA,IGUNGA,CHABUTWA
721,TABORA,IGUNGA,IGUNGA,SUNGWIZI
722,TABORA,IGUNGA,IGUNGA,MWASHIKU
723,TABORA,IGUNGA,IGUNGA,BUKOKO
724,TABORA,IGUNGA,IGUNGA,MWAMASHIMBA
725,TABORA,IGUNGA,IGUNGA,MBUTU
726,TABORA,IGUNGA,IGUNGA,NKINGA
727,TABORA,IGUNGA,IGUNGA,NDEMBEZI
728,TABORA,IGUNGA,IGUNGA,KINUNGU
729,TABORA,NZEGA,NZEGA,NZAGA MJINI
730,TABORA,NZEGA,NZEGA,MUHUGI
731,TABORA,NZEGA,BUKENE,MWANGOYE
732,TABORA,NZEGA,NZEGA,ITILO
733,TABORA,NZEGA,NZEGA,UTWIGU
734,TABORA,NZEGA,NZEGA,TONGI
735,TABORA,NZEGA,NZEGA,MIGUWA
736,TABORA,NZEGA,BUKENE,MWARNALA
737,TABORA,NZEGA,BUKENE,SEMEMBELA
738,TABORA,NZEGA,BUKENE,IKINDWA
739,TABORA,SIKONGE,SIKONGE,SIKONGE
740,TABORA,SIKONGE,SIKONGE,KIPILI
741,TABORA,SIKONGE,SIKONGE,LGIGWA
742,TABORA,SIKONGE,SIKONGE,KIPANGA
743,TABORA,SIKONGE,SIKONGE,KILOLI
744,TABORA,SIKONGE,SIKONGE,PANGALE
745,TABORA,SIKONGE,SIKONGE,TUTUO
746,TABORA,TABORA URBAN,TABORA MJINI,NG'AMBO
747,TABORA,TABORA URBAN,TABORA MJINI,NDEVELWA
748,TABORA,TABORA URBAN,TABORA MJINI,CHEMCHEM
749,TABORA,TABORA URBAN,TABORA MJINI,KANYENYE
750,TABORA,TABORA URBAN,TABORA MJINI,ISEVYA
751,TABORA,TABORA URBAN,TABORA MJINI,KALUNDE
752,TABORA,TABORA URBAN,TABORA MJINI,MISHA
753,TABORA,URAMBO,NZEGA,MILAMBO
754,TABORA,URAMBO,NA,KANINDO
755,TABORA,URAMBO,URAMBO MASHARIKI,KAPILULA
756,TABORA,URAMBO,URAMBO MAGHARIBI,MWONGOZO
757,TABORA,URAMBO,URAMBO MAGHARIBI,USINGE
758,TABORA,URAMBO,URAMBO MASHARIKI,LMALAMAKOYE
759,TABORA,URAMBO,URAMBO MASHARIKI,LTUNDU
760,TABORA,URAMBO,URAMBO MASHARIKI,UYUMBU
761,TABORA,URAMBO,URAMBO MAGHARIBI,IGAGALA
762,TABORA,URAMBO,URAMBO MAGHARIBI,UKUMBISONGA
763,TABORA,URAMBO,URAMBO MASHARIKI,UKONDAMOYO
764,TABORA,UYUI,IGALULA,LUTENDE
765,TABORA,UYUI,TABORA KASKAZINI,SHITAGE
766,TABORA,UYUI,TABORA KASKAZINI,MAGIRI
767,TABORA,UYUI,IGALULA,LOYA
768,TABORA,UYUI,IGALULA,KIZENGI
769,TABORA,UYUI,TABORA KASKAZINI,NDONO
770,TANGA,HANDENI,HANDENI,MAZINGARA
771,TANGA,HANDENI,HANDENI,KOMKONGA
772,TANGA,HANDENI,HANDENI,CHANIKA
773,TANGA,HANDENI,HANDENI,KANG'ATA
774,TANGA,HANDENI,HANDENI,MKATA
775,TANGA,HANDENI,HANDENI,MISIMA
776,TANGA,KILINDI,KILINDI,KWEDIBOMA
777,TANGA,KILINDI,KILINDI,KILINDI
778,TANGA,KOROGWE,KOROGWE VIJIJINI,MASHEWA
779,TANGA,KOROGWE,KOROGWE VIJIJINI,KERENGE
780,TANGA,KOROGWE,KOROGWE MJINI,KOROGWE
781,TANGA,KOROGWE,KOROGWE VIJIJINI,MAGOMA
782,TANGA,KOROGWE,KOROGWE VIJIJINI,BUNGU
783,TANGA,LUSHOTO,LUSHOTO,LUSHOTO
784,TANGA,LUSHOTO,LUSHOTO,KWAI
785,TANGA,LUSHOTO,MLALO,MNAZI
786,TANGA,LUSHOTO,LUSHOTO,BUMBULI
787,TANGA,MUHEZA,MUHEZA,MISALAI
788,TANGA,MUHEZA,MUHEZA,BWEMBWERA
789,TANGA,MUHEZA,MUHEZA,PANDE
790,TANGA,MUHEZA,MUHEZA,TINGENI
791,TANGA,MUHEZA,MUHEZA,MKUZI
792,TANGA,MUHEZA,MUHEZA,LUSANGA
793,TANGA,MUHEZA,MKINGA,MWAKIJEMBE
794,TANGA,PANGANI,PANGANI,BWENI
795,TANGA,PANGANI,PANGANI,TUNGAMAA
796,TANGA,PANGANI,PANGANI,MKWAJA
797,TANGA,PANGANI,PANGANI,KIPUMBWI
798,TANGA,PANGANI,PANGANI,BUSHIRI
799,TANGA,TANGA,TANGA MJINI,CHONGOLEANI
800,TANGA,TANGA,TANGA MJINI,MABOKWENI
801,TANGA,TANGA,TANGA MJINI,MSAMBWENI
802,TANGA,TANGA,TANGA MJINI,MZIZIMA
803,TANGA,TANGA,TANGA MJINI,MWANZANGE
804,TANGA,TANGA,TANGA MJINI,MAJENGO
805,TANGA,TANGA,TANGA MJINI,MAKORORA
806,TANGA,TANGA,TANGA MJINI,MAWENI
807,TANGA,TANGA,TANGA MJINI,TONGONI
808,TANGA,TANGA,TANGA MJINI,MABAWA
809,NA,NA,NA,NA
